id,first_name,last_name,email,gender,ip_address
1,Amalee,Anstie,aanstie0@umn.edu,Female,81.173.65.20
2,Winne,Andretti,wandretti1@bbc.co.uk,Female,182.144.30.6
3,Sara,Eskrigg,seskrigg2@mac.com,Genderfluid,162.158.129.185
4,Krystal,Gravenor,kgravenor3@ox.ac.uk,Female,199.254.117.145
5,Steffane,Napoli,snapoli4@vk.com,Female,24.47.97.153
6,Anallese,Markus,amarkus5@uol.com.br,Female,58.39.101.8
7,Kym,Willman,kwillman6@nifty.com,Polygender,79.12.64.155
8,Teodoor,Palle,tpalle7@g.co,Male,85.53.105.47
9,Ferris,Erratt,ferratt8@ifeng.com,Male,57.99.95.235
10,Deva,Fantham,dfantham9@dedecms.com,Female,148.162.229.72
